{
   "Name":"x",
   "Points":[
      [-129.68137,0.13076782],
      [-118.42355,2.4344177],
      [-107.16571,4.738098],
      [-95.82135,6.504242],
      [-84.421555,7.351074],
      [-73.052124,8.437622],
      [-61.641754,9.649811],
      [-50.19127,10.057526],
      [-38.741074,10.5798645],
      [-27.311737,11.620911],
      [-16.045013,13.858734],
      [-4.7871704,16.162415],
      [6.480011,18.364166],
      [17.95288,18.322968],
      [29.269592,19.984344],
      [40.73407,20.034332],
      [51.991882,22.337982],
      [63.375854,23.2659],
      [74.848724,23.22464],
      [86.321594,23.18338],
      [97.794464,23.14212],
      [109.24939,22.987976],
      [120.318634,21.246094],
      [113.34982,12.56723],
      [103.52591,6.412079],
      [93.46219,0.6741333],
      [83.36383,-4.9807434],
      [73.505585,-11.09494],
      [63.957184,-17.713318],
      [54.50177,-24.48294],
      [44.9881,-31.162628],
      [35.420166,-37.758453],
      [26.123291,-44.743347],
      [17.13977,-52.177887],
      [8.695984,-60.245056],
      [0.5554199,-68.667725],
      [-7.585144,-77.09039],
      [-15.7256775,-85.51303],
      [-23.86621,-93.9357],
      [-32.006775,-102.35834],
      [-40.147293,-110.780975],
      [-48.34874,-107.227325],
      [-48.291367,-95.27554],
      [-47.21324,-83.3757],
      [-45.25609,-71.64429],
      [-42.199142,-60.123627],
      [-39.57672,-48.48941],
      [-37.049255,-36.83029],
      [-34.41861,-25.198181],
      [-31.361694,-13.677521],
      [-28.30478,-2.1568604],
      [-25.247894,9.36377],
      [-22.190948,20.88446],
      [-19.134064,32.40509],
      [-16.077148,43.92575],
      [-12.7951355,55.37784],
      [-9.416809,66.80063],
      [-6.038452,78.22339],
      [-2.6886292,89.65521],
      [0.5866089,101.110535],
      [3.861847,112.56592],
      [6.7948303,124.11957],
      [9.307617,135.77875],
      [4.74823,139.21906]
   ],
   "Vector":[
      [-0.20016749,2.0184448E-4],
      [-0.18279068,0.0037576046],
      [-0.16541383,0.0073134117],
      [-0.14790344,0.010039514],
      [-0.13030748,0.011346627],
      [-0.11275838,0.01302375],
      [-0.0951461,0.014894803],
      [-0.07747189,0.015524125],
      [-0.059798133,0.016330373],
      [-0.042156573,0.017937262],
      [-0.024766011,0.021391416],
      [-0.0073891566,0.024947224],
      [0.010002112,0.0283457],
      [0.027710868,0.02828211],
      [0.04517859,0.030846499],
      [0.06287439,0.030923657],
      [0.080251195,0.034479417],
      [0.09782273,0.03591169],
      [0.11553149,0.035848003],
      [0.13324025,0.03578432],
      [0.150949,0.03572063],
      [0.16863006,0.035482705],
      [0.18571581,0.03279405],
      [0.17495921,0.019397937],
      [0.15979569,0.009897256],
      [0.14426199,0.0010405472],
      [0.12867483,-0.007687943],
      [0.11345831,-0.01712541],
      [0.09872004,-0.027341094],
      [0.084125295,-0.03779023],
      [0.069440626,-0.048100553],
      [0.054672204,-0.058281425],
      [0.040322166,-0.069062844],
      [0.026455805,-0.0805383],
      [0.01342254,-0.09299024],
      [8.573091E-4,-0.10599092],
      [-0.0117079215,-0.11899158],
      [-0.024273105,-0.1319922],
      [-0.03683829,-0.14499287],
      [-0.04940352,-0.1579935],
      [-0.06196868,-0.17099412],
      [-0.074627884,-0.16550894],
      [-0.074539326,-0.14706096],
      [-0.07287521,-0.12869316],
      [-0.069854274,-0.11058534],
      [-0.06513578,-0.092802815],
      [-0.061087985,-0.074845016],
      [-0.057186756,-0.05684878],
      [-0.053126268,-0.03889423],
      [-0.048407815,-0.021111708],
      [-0.043689366,-0.0033291855],
      [-0.038970962,0.014453289],
      [-0.034252465,0.032235857],
      [-0.029534062,0.050018333],
      [-0.024815613,0.06780086],
      [-0.019749716,0.08547753],
      [-0.014535158,0.10310899],
      [-0.0093205515,0.1207404],
      [-0.0041499883,0.1383858],
      [9.054503E-4,0.15606748],
      [0.005960889,0.17374924],
      [0.010488046,0.19158268],
      [0.0143666165,0.209579],
      [0.0073290505,0.21488923]
   ]
}