{
   "Name":"triangle",
   "Points":[
      [-150.14363,-0.2159729],
      [-136.72116,6.7561035],
      [-122.51399,12.962189],
      [-110.39281,17.819122],
      [-124.51825,11.41037],
      [-138.64366,5.0016174],
      [-147.49344,0.94955444],
      [-133.23514,7.2201233],
      [-118.97681,13.490753],
      [-104.718506,19.761353],
      [-90.024506,25.502167],
      [-75.529755,31.394012],
      [-61.724365,38.10031],
      [-47.882385,44.76303],
      [-34.917633,52.211853],
      [-22.37973,59.957184],
      [-10.321716,67.91333],
      [0.47579956,76.835144],
      [12.275177,85.12717],
      [23.400513,93.75171],
      [35.58371,101.612],
      [43.715088,111.02115],
      [55.684235,119.195496],
      [65.34198,128.6936],
      [70.89755,123.157074],
      [72.4751,112.06012],
      [74.83609,100.75601],
      [78.70508,89.49539],
      [81.52402,78.09714],
      [83.45737,66.608215],
      [85.15277,55.101105],
      [86.850555,43.594177],
      [88.433655,32.089417],
      [88.17984,20.525513],
      [89.400085,9.002167],
      [89.53537,-2.5050964],
      [87.74652,-14.005859],
      [85.50998,-25.469086],
      [85.79645,-36.93338],
      [87.56543,-48.433014],
      [89.0253,-59.954987],
      [91.173615,-71.427124],
      [95.059875,-82.548645],
      [97.20816,-94.02077],
      [99.856384,-105.439804],
      [99.60599,-114.321335],
      [88.61044,-121.30638],
      [72.47693,-118.46889],
      [56.809387,-114.09906],
      [43.937317,-106.56317],
      [29.449127,-100.58365],
      [14.992767,-94.54372],
      [1.0159912,-87.98529],
      [-12.419525,-80.93088],
      [-25.645172,-73.68527],
      [-38.517242,-66.14935],
      [-51.578827,-58.766876],
      [-64.3288,-51.135925],
      [-76.56256,-43.133545],
      [-89.09024,-35.335938],
      [-101.072815,-27.190948],
      [-111.91904,-18.304688],
      [-123.155075,-9.752289],
      [-127.33627,1.2762146]
   ],
   "Vector":[
      [-0.17009205,-2.4466752E-4],
      [-0.15488623,0.007653734],
      [-0.13879147,0.0146843735],
      [-0.12505984,0.02018661],
      [-0.14106202,0.012926376],
      [-0.15706415,0.0056661433],
      [-0.16708975,0.0010757144],
      [-0.15093705,0.008179405],
      [-0.13478433,0.015283164],
      [-0.11863163,0.022386888],
      [-0.10198536,0.02889044],
      [-0.0855648,0.03556509],
      [-0.0699252,0.0431624],
      [-0.054244142,0.050710347],
      [-0.039556865,0.059148833],
      [-0.02535315,0.067923225],
      [-0.011693082,0.076936446],
      [5.3901534E-4,0.08704363],
      [0.013906084,0.09643735],
      [0.026509555,0.106207766],
      [0.040311437,0.115112394],
      [0.04952317,0.12577166],
      [0.06308256,0.13503207],
      [0.074023455,0.14579211],
      [0.080317155,0.13951999],
      [0.082104295,0.12694867],
      [0.08477898,0.11414268],
      [0.08916201,0.10138594],
      [0.092355475,0.08847329],
      [0.09454569,0.07545793],
      [0.096466355,0.06242196],
      [0.09838971,0.049386196],
      [0.100183144,0.036352888],
      [0.099895604,0.023252577],
      [0.10127798,0.010198214],
      [0.101431236,-0.002837929],
      [0.099404715,-0.015866708],
      [0.09687102,-0.028852964],
      [0.09719555,-0.04184043],
      [0.09919956,-0.05486793],
      [0.10085339,-0.06792074],
      [0.10328714,-0.08091709],
      [0.10768974,-0.09351624],
      [0.11012345,-0.10651257],
      [0.11312352,-0.119448766],
      [0.112839855,-0.12951031],
      [0.10038342,-0.13742341],
      [0.082106374,-0.13420892],
      [0.064357206,-0.12925851],
      [0.049774926,-0.120721385],
      [0.033361804,-0.113947414],
      [0.016984738,-0.107105],
      [0.001150978,-0.09967521],
      [-0.01406961,-0.09168353],
      [-0.029052446,-0.083475254],
      [-0.043634728,-0.0749381],
      [-0.058431704,-0.066574775],
      [-0.07287566,-0.057929955],
      [-0.08673483,-0.04886436],
      [-0.100926965,-0.040030748],
      [-0.114501566,-0.030803597],
      [-0.12678884,-0.020736689],
      [-0.13951772,-0.011047999],
      [-0.14425445,0.0014457753]
   ]
}